{
    "Device": "LC86G",
    "Mean error": 3.3204171500338067,
    "Median error": 3.3605992175198427,
    "Maximum error": 4.695749384119818,
    "RMSE": 3.3889530216136494,
    "Std dev": 0.6781095283696155,
    "CEP95": 4.095777702372666
}