{
    "Device": "NEO-7M",
    "Mean error": 3.7465426593741613,
    "Median error": 3.357969164359237,
    "Maximum error": 8.496464623271377,
    "RMSE": 4.325672624119486,
    "Std dev": 2.162142861271278,
    "CEP95": 8.496464623271377
}
